{
  "hash": "f23643c3b3ebda3d7f85cf44cf87e552",
  "result": {
    "markdown": "---\ntitle: \"Pour en finir avec word\"\nauthor: \"MN\"\nformat: docx\n---\n\n\n\n\n## I.  Syntaxe minimaliste\nPour produire un document plus riche, il faut indiquer là où vous voulez des titres et de la mise en forme du texte. La syntaxe de base du RMarkdown est celle de Markdown. \n\nOn écrit :\n\n### Un titre de niveau 3\n#### Un titre de niveau 4\n##### Un titre de niveau 5\n###### Un titre de niveau 6\n\nCela s’affichera comme des titres, et sera intégré comme tel dans la table des matières.\n\nPour le texte, un astérisque (*) encadre des caractères *en italique*, deux donnent des caractères **en gras**.\n\nOn peut également créer des listes, à un ou plusieurs niveaux, qui peuvent être numérotées ou non :\n\n1.  prune\n2.  poire\n3.  fruits rouges\n    - fraise\n    - cerise griotte\n4.  mirabelle\n\n\n## II.  Mise en page\nOn peut également intégrer du texte cité, qui sera mis en page différemment du corps du texte, en le faisant commencer par un signe > :\n\n> Lorsque, à seize ans, le jeune Karl Rossmann,\nque ses pauvres parents envoyaient en exil\n\nDes lignes consécutives sont considérées comme un même paragraphe. La séparation entre deux paragraphe est créée par une ligne vide. On peut également forcer un retour à la ligne en finissant une ligne par deux espaces (ou plus).\n\nDes lignes consécutives sont considérées comme un même paragraphe. La séparation entre deux paragraphe est créée par une ligne vide. On peut également forcer un retour à la ligne en finissant une ligne par deux espaces (ou plus).\n\nVoilà pour les bases. L’écriture scientifique requiert également des fonctions plus complexes : notes de bas de page, tableaux, figures, citations bibliographiques, références croisées… Il est bien sûr possible de les gérer en RMarkdown.\n\n\n## III.  Des objets plus complexes\n### III.1  Notes de bas de page\nIl existe deux manières d’écrire une note de bas de page. La première est d’exprimer directement son contenu, entre crochets et avec un signe ^, comme ceci : [^Texte de la note.]. La seconde, plus adaptée pour les notes longues, définit un appel de notes avec [^…], et plus loin un paragraphe qui en spécifie le contenu avec le même crochet suivi de deux points, [^…]:, où ici … doit être remplacé par un identifiant de votre choix. Par exemple, ces deux morceaux de code sont équivalents :\n  - Du texte[^Contenu de la note.].  \n  - Du texte[^n1]. [^n1]: Contenu d'une note.  \n\n*Exemple*  \n\nCependant, en plus de ce critère nécessaire aux compétitions, une race équine peut être classée comme étant une race de chevaux ou de poneys. Le critère à l'origine de cette typologie est la conformation extérieure de la race. Un individu d'une race donnée ne va pas changer de catégorie à cause de sa taille. Exemple : un individu pur-sang arabe reste toujours un cheval même si sa taille est inférieure à 1,48 m. Il en est de même pour le Camargue, race de cheval relativement petit, ou encore le Falabella[^1] qui est considéré comme un cheval malgré sa taille autour de 70 cm car il possède toutes les caractéristiques extérieures d'un cheval.\n\n[^1]: Tout petit cheval d’origine argentine.\n",
    "supporting": [],
    "filters": [
      "rmarkdown/pagebreak.lua"
    ],
    "includes": {},
    "engineDependencies": {},
    "preserve": null,
    "postProcess": false
  }
}