{
  "hash": "61e711753458d8a06af4cbed7afebefc",
  "result": {
    "engine": "knitr",
    "markdown": "---\ntitle: titlepage\nauthor: Eli Holmes\nquarto-required: \">=1.1.0\"\nversion: 3.3.10\ncontributes:\n  format:\n    pdf:\n      filters:\n        - titlepage-theme.lua\n        - coverpage-theme.lua\n      template-partials:\n        - \"_coverpage.tex\"\n        - \"_author-affiliation-themes.tex\"\n        - \"_header-footer-date-themes.tex\"\n        - \"_title-themes.tex\"\n        - \"_titlepage.tex\"\n        - \"before-body.tex\"\n        - \"pandoc.tex\"\n      format-resources:\n        - \"fonts/qualitype/opentype/QTDublinIrish.otf\"\n\n---\n\n\n## Quarto\n\nQuarto enables you to weave together content and executable code into a finished document. To learn more about Quarto see <https://quarto.org>.\n\n\n::: {.cell}\n\n```{.r .cell-code}\n1 + 1\n```\n\n::: {.cell-output .cell-output-stdout}\n\n```\n[1] 2\n```\n\n\n:::\n:::\n",
    "supporting": [
      "Quarto_R_files"
    ],
    "filters": [
      "rmarkdown/pagebreak.lua"
    ],
    "includes": {},
    "engineDependencies": {},
    "preserve": null,
    "postProcess": false
  }
}