{
  "hash": "d84bf6f49fe74d94fcff301161a7e101",
  "result": {
    "engine": "knitr",
    "markdown": "---\ntitle: \"Untitled\"\nformat: \n  pdf:\n      template: \"C:/Users/user/OneDrive/Desktop/Quarto_R/Template/template3.tex\"\n        \n        \n      \neditor_options: \n  chunk_output_type: console\n---\n\n\n## Quarto\n\nQuarto enables you to weave together content and executable code into a finished document. To learn more about Quarto see <https://quarto.org>.\n\n## Running Code\n\nWhen you click the **Render** button a document will be generated that includes both content and the output of embedded code. You can embed code like this:\n\n\n::: {.cell}\n\n```{.r .cell-code}\n1 + 1\n```\n\n::: {.cell-output .cell-output-stdout}\n\n```\n[1] 2\n```\n\n\n:::\n:::\n\n\nYou can add options to executable code like this\n\n\n::: {.cell}\n::: {.cell-output .cell-output-stdout}\n\n```\n[1] 4\n```\n\n\n:::\n:::\n\n\nThe `echo: false` option disables the printing of code (only output is displayed).\n",
    "supporting": [
      "essai_files"
    ],
    "filters": [
      "rmarkdown/pagebreak.lua"
    ],
    "includes": {},
    "engineDependencies": {},
    "preserve": null,
    "postProcess": false
  }
}