{"title":"R & LaTex","markdown":{"yaml":{"title":"R & LaTex","author":"Toussaint S0SSOU","date":"2024-03-27","documentclass":"article","fontsize":"12pt","numbersections":true,"output":{"pdf_document":{"keep_tex":true,"fig_crop":false,"fig_height":3.5},"html_document":{"df_print":"paged"},"word_document":"default"},"header-includes":"\\usepackage[a4paper, top=2.5cm, bottom=2.5cm, left=2.5cm, right=2.5cm]{geometry} \\usepackage{mathptmx} \\usepackage[french,]{babel} \\usepackage[utf8]{inputenc} \\usepackage[T1]{fontenc} \\usepackage[table, xcdraw, dvipsnames]{xcolor} \\usepackage{graphicx} \\usepackage{hyperref} \\usepackage{tikz} \\usepackage{fancyhdr} % For heading and footers, les entêtes et les pieds de pages\n%\\frenchbsetup{StandardLists=true} % à inclure si on utilise\n%\\usepackage[french]{babel} \\usepackage{enumitem} % pour les items numérotés\n%\\usepackage[Lenny]{fncychap} \\usepackage{multicol} % Pour diviser la page, la moitié\n%\\usepackage{pdfpages} % Pour importer des pdf\n%\\usepackage{multirow}\n%\\usepackage{array} % environnement nécessaire pour les maths\n\\usepackage{amsmath,amssymb} % environnement nécessaire pour les maths\n\\usepackage{iftex} \\usepackage{textcomp} \\usepackage[]{microtype} \\usepackage{longtable,booktabs,array} % necessaire pour les longs tableaux\n\\usepackage{calc} \\usepackage[Conny]{fncychap} \\usepackage{setspace} % pour l'espacement, l'interligne\n\\usepackage{MnSymbol} \\definecolor{gre}{RGB}{101, 191, 127} \\definecolor{gree}{RGB}{7, 135, 44} \\usepackage[most, many]{tcolorbox} \\geometry{hmargin  = 2.5cm, vmargin = 1.5cm} % pour régler les marges\n\\renewcommand\\thesection{\\Roman{section}}"},"headingText":"Edition de Document Quarto","containsRefs":false,"markdown":"\n\n\nUne fois votre Document rendu au format HTML, Vous avez la possibilité de le publier sur `RPubs`( un service gratuit de RStudio pour partager des document sur le Web) en cliquant sur l'icone souligné en rouge:\n\n![](image/Rpubs.png){fig-align=\"center\"}\n\nCela permet de publier votre document.\n\nOu vous avez la possibilité egalement de le code suivant\n\n![](image/RPUB2.png)\n\nD'autres options sont possibles tels que l'utilisation de RStudio Connect et ShinyApps qui donnent un meuilleure appercu beaucoup plus détaillé de vos option de publication.\n\nPour des information supplementaires au sujet des options de publication, vous pouvez suivre la documentation suivantes a partir du lien suivants : [Documentations sur la publication](https://quarto.org/docs/get-started/authoring/rstudio.html#publishing)\n\n# Apprendre Plus de Quarto:\n\n## Presentation\n\nAvec Quarto, vous avez la possibilité comme sur Rmarkdown de créer vos presentations Powerpoint, Beamer et Revealjs en utilisant la meme procedure que vous avez appris pour créer des document.\n\n1.  Introduction\n\n    Quarto prend en charge une variété de formats pour créer des diapositives notamment:\n\n    Il existe des avantages et des inconvénients à chacun de ces formats. Le format le plus performant de loin est revealjs, il est donc vivement recommandé à moins que vous n'ayez des exigences spécifiques de sortie Office ou LaTeX. Notez que les présentations revealjs peuvent être présenté\n\n    Ci-dessous, nous décrirons la syntaxe de base pour les présentations qui s'applique à tous les formats. Consultez les articles spécifiques au format pour des détails supplémentaires sur leurs capacités natives.\n\n### Creations de Diapositives:\n\nPour creer des diapositives sur Quarto, aller sur `Files` et ensuite selectionner `new files` et apres selectionner `Quarto Presentation`\n\n![](image/pptx2.png){fig-align=\"center\" width=\"536\"}\n\nApres avoir appuyé sur `Quarto presentation` vous avez le choix du modele que vous souhaitez executé pour votre presentation\n\n![](image/pptx3.png){fig-align=\"center\"}\n\nApres cela vous pouvez créer vos document comme vous le souhaitez.\n\n### Quelques regles à respectez pour les powerpoints\n\nLes structures uilisées dans le cadre de la conception de document reste valable egalement ici.\n\nMais pour delimiter les slides de ses presentation, il faut utiliser la delimitation avec `- - -` comme dans l'exemple suivants:\n\n![](image/pptx4.png){fig-align=\"center\"}\n\nVous pouvez personnalisez vos powerpoints autant que vous le voulez. Voici la documentation necessaire pour vos travaux futurs:\n\n[Documentation pour le powerpoint](https://pandoc.org/MANUAL.html#structuring-the-slide-show)\n\nEgalement, par défaut, les listes numérotées et à puces dans les diapositives sont affichées en une seule fois. Vous pouvez remplacer cela globalement en utilisant l'option `incremental`. Par exemple :\n\n![](image/pptx5.png){fig-align=\"center\" width=\"404\"}\n\n# **Quarto Dashboards**\n\nLes dashboards de Quarto sont nouveau. Donc au cas ou vous n'arrivez pas a le trouvez directement sur votre RStudio, vous devez installer la nouvelle mise à jour de quarto pour l'obtenir.\n\n## Avantage de Quarto Dashboard\n\nLes tableaux de bord Quarto facilitent la création de tableaux de bord interactifs en utilisant Python, R, Julia et Observable :\n\nPubliez un groupe de visualisations de données connexes sous forme de tableau de bord. Utilisez une grande variété de composants, notamment Plotly, Leaflet, Jupyter Widgets, htmlwidgets ; graphiques statiques (Matplotlib, Seaborn, ggplot2, etc.) ; données tabulaires ; boîtes de valeur ; et annotations textuelles.\n\nDes mises en page flexibles et faciles à spécifier en lignes et en colonnes. Les composants sont redimensionnés de manière intelligente pour remplir le navigateur et adaptés à l'affichage sur les appareils mobiles.\n\nRédigez votre contenu à l'aide de n'importe quel éditeur de notebook (JupyterLab, etc.) ou en markdown simple avec n'importe quel éditeur de texte (VS Code, RStudio, Neovim, etc.).\n\nLes tableaux de bord peuvent être déployés sous forme de pages web statiques (aucun serveur spécial requis) ou vous pouvez facultativement intégrer un serveur Shiny en arrière-plan pour une interactivité améliorée.\n\nVous pouvez créer des mises en page hautement personnalisées et utiliser une grande variété de thèmes de tableau de bord, comme illustré dans ces exemples:\n\n![](image/dashb1.png){fig-align=\"center\"}\n\nNous allons ici parcourir un exemple simple pour illustrer les bases. Ensuite, nous fournirons des instructions détaillées sur la façon de commencer à construire vos propres tableaux de bord.\n\nLes tableaux de bord se composent de plusieurs composants :\n\n`Barre de navigation` — Icône, titre et auteur ainsi que des liens vers les sous-pages (si plus d'une page est définie).\n\n`Pages, Lignes, Colonnes et Onglets` — Les pages, les lignes et les colonnes sont définies à l'aide de titres markdown (avec des attributs optionnels pour contrôler la hauteur, la largeur, etc.). Les onglets peuvent être utilisés pour diviser davantage le contenu dans une ligne ou une colonne.\n\n`Cartes, Barres latérales et Barres d'outils` — Les cartes sont des conteneurs pour les graphiques, l'affichage des données et le contenu libre. Le contenu des cartes correspond généralement aux cellules de votre notebook ou document source. Les barres latérales et les barres d'outils sont utilisées pour présenter des entrées dans les tableaux de bord interactifs.\n\nLes tableaux de bord peuvent être créés soit à l'aide de notebooks Jupyter (.ipynb) soit à l'aide de Quartol (.qmd).\n\n### Creation de Dashboard sous Jupyter\n\nla creation de Dashboard sous Jupyter necessite que vous ayez Installé Jupyter ou Jupyterlab:\n\nSon environnement devrait ressembler à ceci:\n\n![](image/dash2.png){fig-align=\"center\"}\n\nPar contre sous Rstudio, Cela se fait simplement en selectionnant `Dashboard` au niveau de `File` et `newfile.`\n\nSous R vous aurez un apercu de ce genre quand vous commencerez à travailler avec `Quarto Dashboard`\n\n![](image/dash3.png){fig-align=\"center\"}\n\nPour plus d'information à ce sujet vous avez la documentation suivantes sur ce lien:\n\n[Dashboard Quarto](https://quarto.org/docs/dashboards/)\n\n# Creation de Site Web avec Quarto\n\nLes sites web Quarto sont un moyen pratique de publier des groupes de documents. Les documents publiés dans le cadre d'un site web partagent des éléments de navigation, des options de rendu et un style visuel.\n\nLa navigation sur le site peut être assurée par le biais d'une barre de navigation globale, d'une barre latérale avec des liens, ou d'une combinaison des deux pour les sites qui ont plusieurs niveaux de contenu. Vous pouvez également activer la recherche textuelle intégrale pour les sites web.\n\nLes sites web Quarto peuvent être publiés sur une grande variété de destinations, y compris GitHub Pages, Netlify, Posit Connect, ou tout autre service d'hébergement statique ou serveur web intranet.\n\n## Utilisation sous Rstudio\n\nPour créer un nouveau projet de site web dans RStudio, utilisez la commande `Nouveau Projet` et sélectionnez `Site Web Quarto` :\n\n![](image/web1.png){fig-align=\"center\"}\n\nApres cela il ne vous reste plus qu'a definir le nom de votre site et a commencer à travailler sur votre site. N'oubliez pas que tous ce que vous avez appris lors de la creation du dcument reste valable ici;\n\n![](image/web2.png){fig-align=\"center\" width=\"558\"}\n\nCliquez sur le bouton \"`Render`\" pour prévisualiser le site web :\n\n![](image/web3.png){fig-align=\"center\"}\n\nDonc en faisant cela vous avez votre site web que vous allez ensuite configurer avec les information que vous desirez.\n\n### Fichier de configuration\n\nChaque site web a un fichier de configuration `_quarto.yml` qui fournit des options de site web ainsi que des valeurs par défaut pour les documents HTML créés dans le site. Donc vous devrez configurez au mieux votre entéte pour donner de la valeur à votre site Web.\n\npour avoir de plus ample informations sur comment créer son site web, vous pouvez consullter la documentation suivante:\n\n[Site Web avec Quarto](https://quarto.org/docs/websites/)\n\n# definition de ses propres modeles\n\nla creation de template sur Quarto necessite de suivre des etapes bien precises.\n\nparmi ces etapes, nous avons:\n\n1.  Commencez par créer un nouveau document Quarto dans Rstudio.\n\n2.  Personnalisation ce document selon nos besoins: cela consiste a definir les en-tetes, les pieds de pages, les styles CSS, les balises LaTex personnaliséées, etc.\n\n3.  Enregistrer ce document dans un repertoire spécifique que vous porrez utiliser a n'importe quel moments.\n","srcMarkdownNoYaml":"\n\n## Edition de Document Quarto\n\nUne fois votre Document rendu au format HTML, Vous avez la possibilité de le publier sur `RPubs`( un service gratuit de RStudio pour partager des document sur le Web) en cliquant sur l'icone souligné en rouge:\n\n![](image/Rpubs.png){fig-align=\"center\"}\n\nCela permet de publier votre document.\n\nOu vous avez la possibilité egalement de le code suivant\n\n![](image/RPUB2.png)\n\nD'autres options sont possibles tels que l'utilisation de RStudio Connect et ShinyApps qui donnent un meuilleure appercu beaucoup plus détaillé de vos option de publication.\n\nPour des information supplementaires au sujet des options de publication, vous pouvez suivre la documentation suivantes a partir du lien suivants : [Documentations sur la publication](https://quarto.org/docs/get-started/authoring/rstudio.html#publishing)\n\n# Apprendre Plus de Quarto:\n\n## Presentation\n\nAvec Quarto, vous avez la possibilité comme sur Rmarkdown de créer vos presentations Powerpoint, Beamer et Revealjs en utilisant la meme procedure que vous avez appris pour créer des document.\n\n1.  Introduction\n\n    Quarto prend en charge une variété de formats pour créer des diapositives notamment:\n\n    Il existe des avantages et des inconvénients à chacun de ces formats. Le format le plus performant de loin est revealjs, il est donc vivement recommandé à moins que vous n'ayez des exigences spécifiques de sortie Office ou LaTeX. Notez que les présentations revealjs peuvent être présenté\n\n    Ci-dessous, nous décrirons la syntaxe de base pour les présentations qui s'applique à tous les formats. Consultez les articles spécifiques au format pour des détails supplémentaires sur leurs capacités natives.\n\n### Creations de Diapositives:\n\nPour creer des diapositives sur Quarto, aller sur `Files` et ensuite selectionner `new files` et apres selectionner `Quarto Presentation`\n\n![](image/pptx2.png){fig-align=\"center\" width=\"536\"}\n\nApres avoir appuyé sur `Quarto presentation` vous avez le choix du modele que vous souhaitez executé pour votre presentation\n\n![](image/pptx3.png){fig-align=\"center\"}\n\nApres cela vous pouvez créer vos document comme vous le souhaitez.\n\n### Quelques regles à respectez pour les powerpoints\n\nLes structures uilisées dans le cadre de la conception de document reste valable egalement ici.\n\nMais pour delimiter les slides de ses presentation, il faut utiliser la delimitation avec `- - -` comme dans l'exemple suivants:\n\n![](image/pptx4.png){fig-align=\"center\"}\n\nVous pouvez personnalisez vos powerpoints autant que vous le voulez. Voici la documentation necessaire pour vos travaux futurs:\n\n[Documentation pour le powerpoint](https://pandoc.org/MANUAL.html#structuring-the-slide-show)\n\nEgalement, par défaut, les listes numérotées et à puces dans les diapositives sont affichées en une seule fois. Vous pouvez remplacer cela globalement en utilisant l'option `incremental`. Par exemple :\n\n![](image/pptx5.png){fig-align=\"center\" width=\"404\"}\n\n# **Quarto Dashboards**\n\nLes dashboards de Quarto sont nouveau. Donc au cas ou vous n'arrivez pas a le trouvez directement sur votre RStudio, vous devez installer la nouvelle mise à jour de quarto pour l'obtenir.\n\n## Avantage de Quarto Dashboard\n\nLes tableaux de bord Quarto facilitent la création de tableaux de bord interactifs en utilisant Python, R, Julia et Observable :\n\nPubliez un groupe de visualisations de données connexes sous forme de tableau de bord. Utilisez une grande variété de composants, notamment Plotly, Leaflet, Jupyter Widgets, htmlwidgets ; graphiques statiques (Matplotlib, Seaborn, ggplot2, etc.) ; données tabulaires ; boîtes de valeur ; et annotations textuelles.\n\nDes mises en page flexibles et faciles à spécifier en lignes et en colonnes. Les composants sont redimensionnés de manière intelligente pour remplir le navigateur et adaptés à l'affichage sur les appareils mobiles.\n\nRédigez votre contenu à l'aide de n'importe quel éditeur de notebook (JupyterLab, etc.) ou en markdown simple avec n'importe quel éditeur de texte (VS Code, RStudio, Neovim, etc.).\n\nLes tableaux de bord peuvent être déployés sous forme de pages web statiques (aucun serveur spécial requis) ou vous pouvez facultativement intégrer un serveur Shiny en arrière-plan pour une interactivité améliorée.\n\nVous pouvez créer des mises en page hautement personnalisées et utiliser une grande variété de thèmes de tableau de bord, comme illustré dans ces exemples:\n\n![](image/dashb1.png){fig-align=\"center\"}\n\nNous allons ici parcourir un exemple simple pour illustrer les bases. Ensuite, nous fournirons des instructions détaillées sur la façon de commencer à construire vos propres tableaux de bord.\n\nLes tableaux de bord se composent de plusieurs composants :\n\n`Barre de navigation` — Icône, titre et auteur ainsi que des liens vers les sous-pages (si plus d'une page est définie).\n\n`Pages, Lignes, Colonnes et Onglets` — Les pages, les lignes et les colonnes sont définies à l'aide de titres markdown (avec des attributs optionnels pour contrôler la hauteur, la largeur, etc.). Les onglets peuvent être utilisés pour diviser davantage le contenu dans une ligne ou une colonne.\n\n`Cartes, Barres latérales et Barres d'outils` — Les cartes sont des conteneurs pour les graphiques, l'affichage des données et le contenu libre. Le contenu des cartes correspond généralement aux cellules de votre notebook ou document source. Les barres latérales et les barres d'outils sont utilisées pour présenter des entrées dans les tableaux de bord interactifs.\n\nLes tableaux de bord peuvent être créés soit à l'aide de notebooks Jupyter (.ipynb) soit à l'aide de Quartol (.qmd).\n\n### Creation de Dashboard sous Jupyter\n\nla creation de Dashboard sous Jupyter necessite que vous ayez Installé Jupyter ou Jupyterlab:\n\nSon environnement devrait ressembler à ceci:\n\n![](image/dash2.png){fig-align=\"center\"}\n\nPar contre sous Rstudio, Cela se fait simplement en selectionnant `Dashboard` au niveau de `File` et `newfile.`\n\nSous R vous aurez un apercu de ce genre quand vous commencerez à travailler avec `Quarto Dashboard`\n\n![](image/dash3.png){fig-align=\"center\"}\n\nPour plus d'information à ce sujet vous avez la documentation suivantes sur ce lien:\n\n[Dashboard Quarto](https://quarto.org/docs/dashboards/)\n\n# Creation de Site Web avec Quarto\n\nLes sites web Quarto sont un moyen pratique de publier des groupes de documents. Les documents publiés dans le cadre d'un site web partagent des éléments de navigation, des options de rendu et un style visuel.\n\nLa navigation sur le site peut être assurée par le biais d'une barre de navigation globale, d'une barre latérale avec des liens, ou d'une combinaison des deux pour les sites qui ont plusieurs niveaux de contenu. Vous pouvez également activer la recherche textuelle intégrale pour les sites web.\n\nLes sites web Quarto peuvent être publiés sur une grande variété de destinations, y compris GitHub Pages, Netlify, Posit Connect, ou tout autre service d'hébergement statique ou serveur web intranet.\n\n## Utilisation sous Rstudio\n\nPour créer un nouveau projet de site web dans RStudio, utilisez la commande `Nouveau Projet` et sélectionnez `Site Web Quarto` :\n\n![](image/web1.png){fig-align=\"center\"}\n\nApres cela il ne vous reste plus qu'a definir le nom de votre site et a commencer à travailler sur votre site. N'oubliez pas que tous ce que vous avez appris lors de la creation du dcument reste valable ici;\n\n![](image/web2.png){fig-align=\"center\" width=\"558\"}\n\nCliquez sur le bouton \"`Render`\" pour prévisualiser le site web :\n\n![](image/web3.png){fig-align=\"center\"}\n\nDonc en faisant cela vous avez votre site web que vous allez ensuite configurer avec les information que vous desirez.\n\n### Fichier de configuration\n\nChaque site web a un fichier de configuration `_quarto.yml` qui fournit des options de site web ainsi que des valeurs par défaut pour les documents HTML créés dans le site. Donc vous devrez configurez au mieux votre entéte pour donner de la valeur à votre site Web.\n\npour avoir de plus ample informations sur comment créer son site web, vous pouvez consullter la documentation suivante:\n\n[Site Web avec Quarto](https://quarto.org/docs/websites/)\n\n# definition de ses propres modeles\n\nla creation de template sur Quarto necessite de suivre des etapes bien precises.\n\nparmi ces etapes, nous avons:\n\n1.  Commencez par créer un nouveau document Quarto dans Rstudio.\n\n2.  Personnalisation ce document selon nos besoins: cela consiste a definir les en-tetes, les pieds de pages, les styles CSS, les balises LaTex personnaliséées, etc.\n\n3.  Enregistrer ce document dans un repertoire spécifique que vous porrez utiliser a n'importe quel moments.\n"},"formats":{"html":{"identifier":{"display-name":"HTML","target-format":"html","base-format":"html"},"execute":{"fig-width":7,"fig-height":5,"fig-format":"retina","fig-dpi":96,"df-print":"default","error":false,"eval":true,"cache":null,"freeze":false,"echo":true,"output":{"pdf_document":{"keep_tex":true,"fig_crop":false,"fig_height":3.5},"html_document":{"df_print":"paged"},"word_document":"default"},"warning":true,"include":true,"keep-md":false,"keep-ipynb":false,"ipynb":null,"enabled":null,"daemon":null,"daemon-restart":false,"debug":false,"ipynb-filters":[],"ipynb-shell-interactivity":null,"plotly-connected":true,"engine":"markdown"},"render":{"keep-tex":false,"keep-typ":false,"keep-source":false,"keep-hidden":false,"prefer-html":false,"output-divs":true,"output-ext":"html","fig-align":"default","fig-pos":null,"fig-env":null,"code-fold":"none","code-overflow":"scroll","code-link":false,"code-line-numbers":false,"code-tools":false,"tbl-colwidths":"auto","merge-includes":true,"inline-includes":false,"preserve-yaml":false,"latex-auto-mk":true,"latex-auto-install":true,"latex-clean":true,"latex-min-runs":1,"latex-max-runs":10,"latex-makeindex":"makeindex","latex-makeindex-opts":[],"latex-tlmgr-opts":[],"latex-input-paths":[],"latex-output-dir":null,"link-external-icon":false,"link-external-newwindow":false,"self-contained-math":false,"format-resources":[],"notebook-links":true},"pandoc":{"standalone":true,"wrap":"none","default-image-extension":"png","to":"html","output-file":"quarto2.html"},"language":{"toc-title-document":"Table of contents","toc-title-website":"On this page","related-formats-title":"Other Formats","related-notebooks-title":"Notebooks","source-notebooks-prefix":"Source","other-links-title":"Other Links","code-links-title":"Code Links","launch-dev-container-title":"Launch Dev Container","launch-binder-title":"Launch Binder","article-notebook-label":"Article Notebook","notebook-preview-download":"Download Notebook","notebook-preview-download-src":"Download Source","notebook-preview-back":"Back to Article","manuscript-meca-bundle":"MECA Bundle","section-title-abstract":"Abstract","section-title-appendices":"Appendices","section-title-footnotes":"Footnotes","section-title-references":"References","section-title-reuse":"Reuse","section-title-copyright":"Copyright","section-title-citation":"Citation","appendix-attribution-cite-as":"For attribution, please cite this work as:","appendix-attribution-bibtex":"BibTeX citation:","title-block-author-single":"Author","title-block-author-plural":"Authors","title-block-affiliation-single":"Affiliation","title-block-affiliation-plural":"Affiliations","title-block-published":"Published","title-block-modified":"Modified","title-block-keywords":"Keywords","callout-tip-title":"Tip","callout-note-title":"Note","callout-warning-title":"Warning","callout-important-title":"Important","callout-caution-title":"Caution","code-summary":"Code","code-tools-menu-caption":"Code","code-tools-show-all-code":"Show All Code","code-tools-hide-all-code":"Hide All Code","code-tools-view-source":"View Source","code-tools-source-code":"Source Code","tools-share":"Share","tools-download":"Download","code-line":"Line","code-lines":"Lines","copy-button-tooltip":"Copy to Clipboard","copy-button-tooltip-success":"Copied!","repo-action-links-edit":"Edit this page","repo-action-links-source":"View source","repo-action-links-issue":"Report an issue","back-to-top":"Back to top","search-no-results-text":"No results","search-matching-documents-text":"matching documents","search-copy-link-title":"Copy link to search","search-hide-matches-text":"Hide additional matches","search-more-match-text":"more match in this document","search-more-matches-text":"more matches in this document","search-clear-button-title":"Clear","search-text-placeholder":"","search-detached-cancel-button-title":"Cancel","search-submit-button-title":"Submit","search-label":"Search","toggle-section":"Toggle section","toggle-sidebar":"Toggle sidebar navigation","toggle-dark-mode":"Toggle dark mode","toggle-reader-mode":"Toggle reader mode","toggle-navigation":"Toggle navigation","crossref-fig-title":"Figure","crossref-tbl-title":"Table","crossref-lst-title":"Listing","crossref-thm-title":"Theorem","crossref-lem-title":"Lemma","crossref-cor-title":"Corollary","crossref-prp-title":"Proposition","crossref-cnj-title":"Conjecture","crossref-def-title":"Definition","crossref-exm-title":"Example","crossref-exr-title":"Exercise","crossref-ch-prefix":"Chapter","crossref-apx-prefix":"Appendix","crossref-sec-prefix":"Section","crossref-eq-prefix":"Equation","crossref-lof-title":"List of Figures","crossref-lot-title":"List of Tables","crossref-lol-title":"List of Listings","environment-proof-title":"Proof","environment-remark-title":"Remark","environment-solution-title":"Solution","listing-page-order-by":"Order By","listing-page-order-by-default":"Default","listing-page-order-by-date-asc":"Oldest","listing-page-order-by-date-desc":"Newest","listing-page-order-by-number-desc":"High to Low","listing-page-order-by-number-asc":"Low to High","listing-page-field-date":"Date","listing-page-field-title":"Title","listing-page-field-description":"Description","listing-page-field-author":"Author","listing-page-field-filename":"File Name","listing-page-field-filemodified":"Modified","listing-page-field-subtitle":"Subtitle","listing-page-field-readingtime":"Reading Time","listing-page-field-wordcount":"Word Count","listing-page-field-categories":"Categories","listing-page-minutes-compact":"{0} min","listing-page-category-all":"All","listing-page-no-matches":"No matching items","listing-page-words":"{0} words"},"metadata":{"lang":"en","fig-responsive":true,"quarto-version":"1.4.554","editor":"visual","title":"R & LaTex","author":"Toussaint S0SSOU","date":"2024-03-27","documentclass":"article","fontsize":"12pt","numbersections":true,"header-includes":["\\usepackage[a4paper, top=2.5cm, bottom=2.5cm, left=2.5cm, right=2.5cm]{geometry} \\usepackage{mathptmx} \\usepackage[french,]{babel} \\usepackage[utf8]{inputenc} \\usepackage[T1]{fontenc} \\usepackage[table, xcdraw, dvipsnames]{xcolor} \\usepackage{graphicx} \\usepackage{hyperref} \\usepackage{tikz} \\usepackage{fancyhdr} % For heading and footers, les entêtes et les pieds de pages\n%\\frenchbsetup{StandardLists=true} % à inclure si on utilise\n%\\usepackage[french]{babel} \\usepackage{enumitem} % pour les items numérotés\n%\\usepackage[Lenny]{fncychap} \\usepackage{multicol} % Pour diviser la page, la moitié\n%\\usepackage{pdfpages} % Pour importer des pdf\n%\\usepackage{multirow}\n%\\usepackage{array} % environnement nécessaire pour les maths\n\\usepackage{amsmath,amssymb} % environnement nécessaire pour les maths\n\\usepackage{iftex} \\usepackage{textcomp} \\usepackage[]{microtype} \\usepackage{longtable,booktabs,array} % necessaire pour les longs tableaux\n\\usepackage{calc} \\usepackage[Conny]{fncychap} \\usepackage{setspace} % pour l'espacement, l'interligne\n\\usepackage{MnSymbol} \\definecolor{gre}{RGB}{101, 191, 127} \\definecolor{gree}{RGB}{7, 135, 44} \\usepackage[most, many]{tcolorbox} \\geometry{hmargin  = 2.5cm, vmargin = 1.5cm} % pour régler les marges\n\\renewcommand\\thesection{\\Roman{section}}"]},"extensions":{"book":{"multiFile":true}}}},"projectFormats":[]}