{"title":"Quarto","markdown":{"yaml":{"title":"Quarto","author":"cheik","quarto-required":">=1.1.0","version":"3.3.10","contributes":{"pdf":{"filters":["titlepage-theme.lua","coverpage-theme.lua"],"template-partials":["template2.tex","_coverpage.tex","_author-affiliation-themes.tex","_header-footer-date-themes.tex","_title-themes.tex","_titlepage.tex","before-body.tex","pandoc.tex"],"format-resources":["fonts/qualitype/opentype/QTDublinIrish.otf"]}},"editor_options":{"chunk_output_type":"console"}},"headingText":"Introduction:","containsRefs":false,"markdown":"\n\n{{< pagebreak >}}\n\n![](image/final.png){fig-align=\"center\"}\n\n{{< pagebreak >}}\n\n![](image/Quarto_logo.jpg){fig-align=\"center\"}\n\n{{< pagebreak >}}\n\n\n## **Qu'est ce que Quarto?**\n\nQuarto est un package de R developpé dans le but de produire des presentations, des rapports et des documents sous forme de fichier world, pdf ou html. De meme, elle a la possibilité de produire des presentations sous forme de fichier powerpoint(pptx). Ce package est une exetension du Rmarkdown que nous connaissons tous et qui est utilisé pour faire des documents. A la seule diffrence que Quarto est plus smart et facile à utilisé. nous n'utiliserons pratiquement pas de balise comme c'est le cas dans Rmarkdown pour les titres pour ne citer que cela. Nous vous invitons à suivre attentivement ce recapitulatif de Quarto que nous avons pris le temps de parfaire et esperons que quarto vous sera utile dans votre travail.\n\n## **Avantage de Quarto**\n\nTout comme Rmarkdown, Quarto a les memes fonctionnalités que Rmarkdown. En effet elle peut faire tout ce que Rmarkdown peut faire en allant de la generation des documents de qualité à de magnifiques presentation powerpoint. Son avantage par rapport à Rmarkdown reside dans sa facilité d'utilisation. Elle ne necessite pas la maitrise des differentes syntaxes d'ecriture comme le necessiterait Rmarkdown. On peut meme le comparer à l'ecriture d'un fichier sur microsoft office word à la seule difference qu'elle inclut l'utilisation de code que ce soit sur R, python, sql...\n\n## **Modèle de sortie d'un document Quarto**\n\nQuarto nous propose plusieurs modèle de sortie pour nos documents. En effet nous pouvons generer des documents sous format world, powerpoint, html, powerpoint. Elle nous offre une large game de document sous plusieurs extensions.\n\n## **Mettre du code dans un fichier Quarto**\n\nTout comme Rmarkdown, nous avons la possibilité d'inclure un grand nombre de zone pour inclure du code. En effet on appelle ces zones des chunks: Ces zones grisatres nous premettent d'inclure du code R, python, Sql, CSS, JAVA...\n\nl'utilisation de R est definie par defaut dans les chunks, donc nous n'avons pas besoin de packages specifiques pour pouvoir l'utiliser. Cependant à la difference des autres languages, elle necessite l'installation de certains packages par exemple dans le cas de python, il est necessaire d'installer le package reticulate pour pouvoir l'utiliser.\n\n## **Installation de Quarto**\n\nPour installer Quarto, il vous suffit de `l'installer` à partir de packages en installant Quarto directement à partir du CRAN.\n\nSi celà ne fonctionne pas, il suffit de reinstaller R et Rstudio et de reprendre la procedure. Apres quoi, vous pouvez maintenat l'installer à partir de de la fonction **library(quarto).** Enfin à partir de l'onglet file, vous avez accès à Quarto pour l'utiliser pleinement.\n\n# Utilisation de Quarto:\n\n## **Description de l'environnement de Quarto**\n\nLe document Quarto comprend 3 parties que sont **`l’en-tête (YAML)`**`, le texte et les blocs de codes` tous les trois forment le corps du document. Dans l’en-tete sont précisés des formats additionnels pour le document (Table de matières, références s’il y en a, des packages Latex à inclure si possible).\n\nQuelques astcuces que vous pouvez utilisez pour le corps du devoir:\n\n1.  **Insertion des titres**\n\n    Pour insérer un nouveau titre, nous utilisons sur la barre, l'onglet **`Normal`**. En effet, nous avons à l'interieur de cet onglet, plusieurs niveaux de titre que nous pourrons utiliser pour rendre plus esthetique nos presentations. nous avons jusqu'a 6 titres que nous pourrons utiliser.\n\n    **Titre 1: niveau 1**\n\n    **Titre 2: niveau 2**\n\n    **Titre 3: niveau 3**\n\n    **Titre 4: niveau 4**\n\n    **Titre 5: niveau 5**\n\n    **Titre 6: niveau 6**\n\n    par defaut le texte est sous format `Normal`\n\n2.  **Style du texte**\n\nPour écrire le texte en gras il suffit d'appuyer sur la touche **`B`** qui se trouve sur la barre, ou on peut appyer sur format pour l'obtenir (c'est ecrit B Bold).\n\nPour écrire le texte en Italique il suffit d'appuyer sur la touche **`I`** qui se trouve sur la barre, ou on peut appyer sur format pour l'obtenir (c'est ecrit I Italique).\n\nPour écrire le texte en Italique et en Gras il suffit d'appuyer sur la touche **`I`** et **`G`** qui se trouve sur la barre, ou on peut appyer sur format pour l'obtenir (c'est ecrit I Italique et G Bold).\n\nPour souligner un texte, il suffit d'aller dans l'onglet Format et d'appuyer sur [**`U`**]{.underline} (Underline).\n\nPour barrer un texte, il suffit d'allez dans l'onglet Format et au niveau de `Texte` on appuie sur `Strickout.`\n\nPour mettre un mot en exposant, il suffit d'aller dans Format et au niveau de `Texte` on appuie sur `Superscript`\n\nPour mettre un mot en indice, il suffit d'aller dans Format et au niveau de `Texte` on appuie sur `Subscript.`\n\nPour mettre un mot en majuscule ou en miniscule selon le format ou il initialement ecrit , il suffit d'aller dans Format et au niveau de `Texte` on appuie sur `Small Caps`**.**\n\n3.  **Mise en couleur**\n\n    Pour les mises en couleur, il faudra une maitrîse du langage CSS. Par exemple supposons que nous voulons metrre le texte suivant: `Je suis a l'ENSAE` en vert, je sélectionne d’abord mon texte , ensuite je vais dans `Format ⟹ Div` et dans l’attribut `CSS Style` je précise mon code pour la couleur. Cependant il peut arriver que je veuilles que seul mon texte `Etudiant` soit en vert. Là je fais la même chose mais au lieu d’insérer une div, j’insère un span.\n\n    comme illustration de ce qui a été dit\n\n    ::: {style=\"color: green;\"}\n    Je suis a l'ENSAE.\n    :::\n\n    pour mettre uniquement un element du texte en couleur on peut utilise la meme methode juste qu' a la difference on met un spam\n\n    par exemple\n\n    ::: {style=\"color: red;\"}\n    Etudiant\n    :::\n\n4.  **Bordure de texte**\n\n    pour encadrer un texte, il faut egalement utilisé du css. On peut encadrer tout le texte ou une partie du texte.\n\n    comme illustration de ce qui a été dit:\n\n::: {style=\"border: 1px solid yellow; padding: 10px;\"}\nJe suis à l'ENSAE de Dakar\n:::\n\n5.  Mise en forme (positionnement de texte):\n\n    Pour la position du texte (centrée, justifié, à droite ou à gauche)nous utilisont du code CSS. Nous utilisons les elements suivants:\n\n    pour centrer un texte on utilise `text-align; center;`\n\n::: {style=\"text-align: center;\"}\nTexte Centré : je suis en ISE1 Eco\n:::\n\nPour mettre le texte à gauche nous utilisons: t`ext-align; left;`\n\n::: {style=\"text-align: left;\"}\nText Centrée à gauche Je suis en ISE1 math\n:::\n\nPour mettre le texte à droite nous utilisons: `text-align; right;`\n\n::: {style=\"text-align: right;\"}\nJe suis en ISE1 Cycle long\n:::\n\n## **Description du YAML(En tete d'un fichier quarto)**\n\nPour definir le titre dans l'entete, il suffit de mettre `Title: \"Nom du document\"`\n\nPour definir le sous titre dans l'entete, il suffit de mettre Subtitle: \"Sous titre\"\n\nPour definir les auteurs dans l'entete, il suffit de mettre Authors: `\"YATABARE-Hamid-Sadibou-Maty\"`\n\nPour definir la date dans l'entete, il suffit de mettre **date: 14/03/2024**\n\nPour definir la table de matiere dans l'entete, il suffit de mettre\n\n**Output:**\n\n> **html_document:**\n\n> **pour mettre une table de matiere**\n\n> **toc : true**\n\n> **Pour mettre des numeros de lignes**\n\n> **number_sections:true**\n\n> **Pour avoir une table de matieres flottantes**\n\n> **toc-float: true**\n>\n> **toc-title:** pour le titre de la table de matière\n>\n> **lof:** pour afficher la liste des figures\n>\n> **lot:** pour afficher la liste des tableau.\n>\n> **code-line-numbers:** pour afficher le numero de ligne dans les blocks de code.\n\nPour la sortie du document, on peut decider d'afficher le document avec les codes et les erreurs ou pas. Pour ne pas les afficher, on peut proceder de la sorte:\n\n> **execute:**\n\n> **echo:** false\n\n> **warning:** false\n\nDe meme on a la possibilité d'inclure le code avec les resulats ou pas:\n\non le fait de la sorte:\n\n**include** : TRUE/FALSE\n\n**output** : false/true pour afficher les resulats des chunks ou pas.\n\n**include-before-body :** pour afficher la table de matiere au debut du fichier.\n\n**include-after-body** : pour afficher la table de matiere enfin du fichier.\n\n**code-fold: true** pour afficher un zone d'affichage du code quand on veut ou pas. cela est possible uniquement avec les fichier avec des sortie html.\n\nl'instruction ci-dessous permet de generer les 3 fichiers à savoir html, pdf, word directement à partir du YAML.\n\n**format:**\n\n**html:**\n\n| **code-fold: true**\n\n| **html-math-method: katex**\n\n**pdf:**\n\n**geometry:**\n\n| **-top=30mm**\n\n| **- left=30mm**\n| \n\n**docx: default**\n\npour donner un aspect esthetique a votre sortie pour les codes vous pouvez utiliser egalement le code suivant :\n\nhighlight-style: github\n\ncela permet de donner un sortie beaucoup plus jolie a votre document\n\n## **Presentation des chunks codes**\n\nQuarto dispose d'une large game de chunk pour different format de langage: nous vous presenterons la forme de certains langage de programmation couramment utilisé sur des fichiers Quarto\n\n> Pour les codes R, l'affichage est le suivant:\n\n`{r} library(ggplot2)  head(iris)}`\n\n`{r} ggplot(iris ,aes(x = Sepal.Length , y = Sepal.Width))+             geom_smooth()}`\n\nDonc nous avons la possibilité de realiser des graphiques et de faire tous ce que l'on pouvait faire d'habitude sur R.\n\n> Pour les codes python nous pouvons proceder de la sorte:\n\nnous avons au niveau de la barre des onglets **Insert** et on appuie sur **Excecutive Cell** a partir de la nous pouvons choisir python pour obtenir un chunk python. Mais bien avant, il faudra avoir installer le package **reticulate**.\n\n`{python} for i in range(10):      print(i)}`\n\nDonc vous voyez deja que l'on peut faire du python sur R. il est possible pour nos travaux d'utiliser les modules pandas ou numpy selon le travail que l'on aimerait faire.\n\nQuarto dispose d'une possibilité d'inclure plusieurs langage a partir de cette commande que voici: **code block.** On peut l'obtenir à partir de **insert** et on appuie sur code block. A partir de cela, on met le langage de programmation que l'on souhaite utiliser bien sur en ayant le package necessaire pour l'utiliser sur R.\n\n> ## Etablir une table de matière:\n\nCela se fait au niveau dU YAML. Nous y avons donnée en detail tous les éléments de comment cela se passe dans la section YAML.\n\n## **Numerotation des sections:**\n\nPour creer une numeration sur quarto, il suffit d'aller au niveau de `Format` et à l'interieur on à l'onglet `Bullet et Numbering` qui permet de creer des listes. Ces listes peuvent etre ordonnées ou non selon ce que l'on veut faire. par exemple:\n\n-   Yatabare\n\n-   Hamib\n\n-   Sadibou\n\n-   Maty\n\n    liste non ordonnée\n\n    Ou on peut proceder par numerotation:\n\n1.  Maty\n\n2.  Sadibou\n\n3.  Hamib\n\n4.  Yatabare\n\n    liste ordonnée\n\n## **Insertion d'image :**\n\nPour inserer une image dans un fichier Quarto, il suffit d'appuyer sur l'onglet **Insert** situé sur la barre des taches et de selectionner **Figure/image.** A partir de cette commande, vous aurez la possibilité d'inclure tout les types de fichier dont vous aurez envie que ce soit de jpeg on du png.\n\nPar exemple pour du jpeg:\n","srcMarkdownNoYaml":"\n\n{{< pagebreak >}}\n\n![](image/final.png){fig-align=\"center\"}\n\n{{< pagebreak >}}\n\n![](image/Quarto_logo.jpg){fig-align=\"center\"}\n\n{{< pagebreak >}}\n\n# Introduction:\n\n## **Qu'est ce que Quarto?**\n\nQuarto est un package de R developpé dans le but de produire des presentations, des rapports et des documents sous forme de fichier world, pdf ou html. De meme, elle a la possibilité de produire des presentations sous forme de fichier powerpoint(pptx). Ce package est une exetension du Rmarkdown que nous connaissons tous et qui est utilisé pour faire des documents. A la seule diffrence que Quarto est plus smart et facile à utilisé. nous n'utiliserons pratiquement pas de balise comme c'est le cas dans Rmarkdown pour les titres pour ne citer que cela. Nous vous invitons à suivre attentivement ce recapitulatif de Quarto que nous avons pris le temps de parfaire et esperons que quarto vous sera utile dans votre travail.\n\n## **Avantage de Quarto**\n\nTout comme Rmarkdown, Quarto a les memes fonctionnalités que Rmarkdown. En effet elle peut faire tout ce que Rmarkdown peut faire en allant de la generation des documents de qualité à de magnifiques presentation powerpoint. Son avantage par rapport à Rmarkdown reside dans sa facilité d'utilisation. Elle ne necessite pas la maitrise des differentes syntaxes d'ecriture comme le necessiterait Rmarkdown. On peut meme le comparer à l'ecriture d'un fichier sur microsoft office word à la seule difference qu'elle inclut l'utilisation de code que ce soit sur R, python, sql...\n\n## **Modèle de sortie d'un document Quarto**\n\nQuarto nous propose plusieurs modèle de sortie pour nos documents. En effet nous pouvons generer des documents sous format world, powerpoint, html, powerpoint. Elle nous offre une large game de document sous plusieurs extensions.\n\n## **Mettre du code dans un fichier Quarto**\n\nTout comme Rmarkdown, nous avons la possibilité d'inclure un grand nombre de zone pour inclure du code. En effet on appelle ces zones des chunks: Ces zones grisatres nous premettent d'inclure du code R, python, Sql, CSS, JAVA...\n\nl'utilisation de R est definie par defaut dans les chunks, donc nous n'avons pas besoin de packages specifiques pour pouvoir l'utiliser. Cependant à la difference des autres languages, elle necessite l'installation de certains packages par exemple dans le cas de python, il est necessaire d'installer le package reticulate pour pouvoir l'utiliser.\n\n## **Installation de Quarto**\n\nPour installer Quarto, il vous suffit de `l'installer` à partir de packages en installant Quarto directement à partir du CRAN.\n\nSi celà ne fonctionne pas, il suffit de reinstaller R et Rstudio et de reprendre la procedure. Apres quoi, vous pouvez maintenat l'installer à partir de de la fonction **library(quarto).** Enfin à partir de l'onglet file, vous avez accès à Quarto pour l'utiliser pleinement.\n\n# Utilisation de Quarto:\n\n## **Description de l'environnement de Quarto**\n\nLe document Quarto comprend 3 parties que sont **`l’en-tête (YAML)`**`, le texte et les blocs de codes` tous les trois forment le corps du document. Dans l’en-tete sont précisés des formats additionnels pour le document (Table de matières, références s’il y en a, des packages Latex à inclure si possible).\n\nQuelques astcuces que vous pouvez utilisez pour le corps du devoir:\n\n1.  **Insertion des titres**\n\n    Pour insérer un nouveau titre, nous utilisons sur la barre, l'onglet **`Normal`**. En effet, nous avons à l'interieur de cet onglet, plusieurs niveaux de titre que nous pourrons utiliser pour rendre plus esthetique nos presentations. nous avons jusqu'a 6 titres que nous pourrons utiliser.\n\n    **Titre 1: niveau 1**\n\n    **Titre 2: niveau 2**\n\n    **Titre 3: niveau 3**\n\n    **Titre 4: niveau 4**\n\n    **Titre 5: niveau 5**\n\n    **Titre 6: niveau 6**\n\n    par defaut le texte est sous format `Normal`\n\n2.  **Style du texte**\n\nPour écrire le texte en gras il suffit d'appuyer sur la touche **`B`** qui se trouve sur la barre, ou on peut appyer sur format pour l'obtenir (c'est ecrit B Bold).\n\nPour écrire le texte en Italique il suffit d'appuyer sur la touche **`I`** qui se trouve sur la barre, ou on peut appyer sur format pour l'obtenir (c'est ecrit I Italique).\n\nPour écrire le texte en Italique et en Gras il suffit d'appuyer sur la touche **`I`** et **`G`** qui se trouve sur la barre, ou on peut appyer sur format pour l'obtenir (c'est ecrit I Italique et G Bold).\n\nPour souligner un texte, il suffit d'aller dans l'onglet Format et d'appuyer sur [**`U`**]{.underline} (Underline).\n\nPour barrer un texte, il suffit d'allez dans l'onglet Format et au niveau de `Texte` on appuie sur `Strickout.`\n\nPour mettre un mot en exposant, il suffit d'aller dans Format et au niveau de `Texte` on appuie sur `Superscript`\n\nPour mettre un mot en indice, il suffit d'aller dans Format et au niveau de `Texte` on appuie sur `Subscript.`\n\nPour mettre un mot en majuscule ou en miniscule selon le format ou il initialement ecrit , il suffit d'aller dans Format et au niveau de `Texte` on appuie sur `Small Caps`**.**\n\n3.  **Mise en couleur**\n\n    Pour les mises en couleur, il faudra une maitrîse du langage CSS. Par exemple supposons que nous voulons metrre le texte suivant: `Je suis a l'ENSAE` en vert, je sélectionne d’abord mon texte , ensuite je vais dans `Format ⟹ Div` et dans l’attribut `CSS Style` je précise mon code pour la couleur. Cependant il peut arriver que je veuilles que seul mon texte `Etudiant` soit en vert. Là je fais la même chose mais au lieu d’insérer une div, j’insère un span.\n\n    comme illustration de ce qui a été dit\n\n    ::: {style=\"color: green;\"}\n    Je suis a l'ENSAE.\n    :::\n\n    pour mettre uniquement un element du texte en couleur on peut utilise la meme methode juste qu' a la difference on met un spam\n\n    par exemple\n\n    ::: {style=\"color: red;\"}\n    Etudiant\n    :::\n\n4.  **Bordure de texte**\n\n    pour encadrer un texte, il faut egalement utilisé du css. On peut encadrer tout le texte ou une partie du texte.\n\n    comme illustration de ce qui a été dit:\n\n::: {style=\"border: 1px solid yellow; padding: 10px;\"}\nJe suis à l'ENSAE de Dakar\n:::\n\n5.  Mise en forme (positionnement de texte):\n\n    Pour la position du texte (centrée, justifié, à droite ou à gauche)nous utilisont du code CSS. Nous utilisons les elements suivants:\n\n    pour centrer un texte on utilise `text-align; center;`\n\n::: {style=\"text-align: center;\"}\nTexte Centré : je suis en ISE1 Eco\n:::\n\nPour mettre le texte à gauche nous utilisons: t`ext-align; left;`\n\n::: {style=\"text-align: left;\"}\nText Centrée à gauche Je suis en ISE1 math\n:::\n\nPour mettre le texte à droite nous utilisons: `text-align; right;`\n\n::: {style=\"text-align: right;\"}\nJe suis en ISE1 Cycle long\n:::\n\n## **Description du YAML(En tete d'un fichier quarto)**\n\nPour definir le titre dans l'entete, il suffit de mettre `Title: \"Nom du document\"`\n\nPour definir le sous titre dans l'entete, il suffit de mettre Subtitle: \"Sous titre\"\n\nPour definir les auteurs dans l'entete, il suffit de mettre Authors: `\"YATABARE-Hamid-Sadibou-Maty\"`\n\nPour definir la date dans l'entete, il suffit de mettre **date: 14/03/2024**\n\nPour definir la table de matiere dans l'entete, il suffit de mettre\n\n**Output:**\n\n> **html_document:**\n\n> **pour mettre une table de matiere**\n\n> **toc : true**\n\n> **Pour mettre des numeros de lignes**\n\n> **number_sections:true**\n\n> **Pour avoir une table de matieres flottantes**\n\n> **toc-float: true**\n>\n> **toc-title:** pour le titre de la table de matière\n>\n> **lof:** pour afficher la liste des figures\n>\n> **lot:** pour afficher la liste des tableau.\n>\n> **code-line-numbers:** pour afficher le numero de ligne dans les blocks de code.\n\nPour la sortie du document, on peut decider d'afficher le document avec les codes et les erreurs ou pas. Pour ne pas les afficher, on peut proceder de la sorte:\n\n> **execute:**\n\n> **echo:** false\n\n> **warning:** false\n\nDe meme on a la possibilité d'inclure le code avec les resulats ou pas:\n\non le fait de la sorte:\n\n**include** : TRUE/FALSE\n\n**output** : false/true pour afficher les resulats des chunks ou pas.\n\n**include-before-body :** pour afficher la table de matiere au debut du fichier.\n\n**include-after-body** : pour afficher la table de matiere enfin du fichier.\n\n**code-fold: true** pour afficher un zone d'affichage du code quand on veut ou pas. cela est possible uniquement avec les fichier avec des sortie html.\n\nl'instruction ci-dessous permet de generer les 3 fichiers à savoir html, pdf, word directement à partir du YAML.\n\n**format:**\n\n**html:**\n\n| **code-fold: true**\n\n| **html-math-method: katex**\n\n**pdf:**\n\n**geometry:**\n\n| **-top=30mm**\n\n| **- left=30mm**\n| \n\n**docx: default**\n\npour donner un aspect esthetique a votre sortie pour les codes vous pouvez utiliser egalement le code suivant :\n\nhighlight-style: github\n\ncela permet de donner un sortie beaucoup plus jolie a votre document\n\n## **Presentation des chunks codes**\n\nQuarto dispose d'une large game de chunk pour different format de langage: nous vous presenterons la forme de certains langage de programmation couramment utilisé sur des fichiers Quarto\n\n> Pour les codes R, l'affichage est le suivant:\n\n`{r} library(ggplot2)  head(iris)}`\n\n`{r} ggplot(iris ,aes(x = Sepal.Length , y = Sepal.Width))+             geom_smooth()}`\n\nDonc nous avons la possibilité de realiser des graphiques et de faire tous ce que l'on pouvait faire d'habitude sur R.\n\n> Pour les codes python nous pouvons proceder de la sorte:\n\nnous avons au niveau de la barre des onglets **Insert** et on appuie sur **Excecutive Cell** a partir de la nous pouvons choisir python pour obtenir un chunk python. Mais bien avant, il faudra avoir installer le package **reticulate**.\n\n`{python} for i in range(10):      print(i)}`\n\nDonc vous voyez deja que l'on peut faire du python sur R. il est possible pour nos travaux d'utiliser les modules pandas ou numpy selon le travail que l'on aimerait faire.\n\nQuarto dispose d'une possibilité d'inclure plusieurs langage a partir de cette commande que voici: **code block.** On peut l'obtenir à partir de **insert** et on appuie sur code block. A partir de cela, on met le langage de programmation que l'on souhaite utiliser bien sur en ayant le package necessaire pour l'utiliser sur R.\n\n> ## Etablir une table de matière:\n\nCela se fait au niveau dU YAML. Nous y avons donnée en detail tous les éléments de comment cela se passe dans la section YAML.\n\n## **Numerotation des sections:**\n\nPour creer une numeration sur quarto, il suffit d'aller au niveau de `Format` et à l'interieur on à l'onglet `Bullet et Numbering` qui permet de creer des listes. Ces listes peuvent etre ordonnées ou non selon ce que l'on veut faire. par exemple:\n\n-   Yatabare\n\n-   Hamib\n\n-   Sadibou\n\n-   Maty\n\n    liste non ordonnée\n\n    Ou on peut proceder par numerotation:\n\n1.  Maty\n\n2.  Sadibou\n\n3.  Hamib\n\n4.  Yatabare\n\n    liste ordonnée\n\n## **Insertion d'image :**\n\nPour inserer une image dans un fichier Quarto, il suffit d'appuyer sur l'onglet **Insert** situé sur la barre des taches et de selectionner **Figure/image.** A partir de cette commande, vous aurez la possibilité d'inclure tout les types de fichier dont vous aurez envie que ce soit de jpeg on du png.\n\nPar exemple pour du jpeg:\n"},"formats":{"html":{"identifier":{"display-name":"HTML","target-format":"html","base-format":"html"},"execute":{"fig-width":7,"fig-height":5,"fig-format":"retina","fig-dpi":96,"df-print":"default","error":false,"eval":true,"cache":null,"freeze":false,"echo":true,"output":true,"warning":true,"include":true,"keep-md":false,"keep-ipynb":false,"ipynb":null,"enabled":null,"daemon":null,"daemon-restart":false,"debug":false,"ipynb-filters":[],"ipynb-shell-interactivity":null,"plotly-connected":true,"engine":"markdown"},"render":{"keep-tex":false,"keep-typ":false,"keep-source":false,"keep-hidden":false,"prefer-html":false,"output-divs":true,"output-ext":"html","fig-align":"default","fig-pos":null,"fig-env":null,"code-fold":"none","code-overflow":"scroll","code-link":false,"code-line-numbers":false,"code-tools":false,"tbl-colwidths":"auto","merge-includes":true,"inline-includes":false,"preserve-yaml":false,"latex-auto-mk":true,"latex-auto-install":true,"latex-clean":true,"latex-min-runs":1,"latex-max-runs":10,"latex-makeindex":"makeindex","latex-makeindex-opts":[],"latex-tlmgr-opts":[],"latex-input-paths":[],"latex-output-dir":null,"link-external-icon":false,"link-external-newwindow":false,"self-contained-math":false,"format-resources":[],"notebook-links":true},"pandoc":{"standalone":true,"wrap":"none","default-image-extension":"png","to":"html","output-file":"Quarto_R.html"},"language":{"toc-title-document":"Table of contents","toc-title-website":"On this page","related-formats-title":"Other Formats","related-notebooks-title":"Notebooks","source-notebooks-prefix":"Source","other-links-title":"Other Links","code-links-title":"Code Links","launch-dev-container-title":"Launch Dev Container","launch-binder-title":"Launch Binder","article-notebook-label":"Article Notebook","notebook-preview-download":"Download Notebook","notebook-preview-download-src":"Download Source","notebook-preview-back":"Back to Article","manuscript-meca-bundle":"MECA Bundle","section-title-abstract":"Abstract","section-title-appendices":"Appendices","section-title-footnotes":"Footnotes","section-title-references":"References","section-title-reuse":"Reuse","section-title-copyright":"Copyright","section-title-citation":"Citation","appendix-attribution-cite-as":"For attribution, please cite this work as:","appendix-attribution-bibtex":"BibTeX citation:","title-block-author-single":"Author","title-block-author-plural":"Authors","title-block-affiliation-single":"Affiliation","title-block-affiliation-plural":"Affiliations","title-block-published":"Published","title-block-modified":"Modified","title-block-keywords":"Keywords","callout-tip-title":"Tip","callout-note-title":"Note","callout-warning-title":"Warning","callout-important-title":"Important","callout-caution-title":"Caution","code-summary":"Code","code-tools-menu-caption":"Code","code-tools-show-all-code":"Show All Code","code-tools-hide-all-code":"Hide All Code","code-tools-view-source":"View Source","code-tools-source-code":"Source Code","tools-share":"Share","tools-download":"Download","code-line":"Line","code-lines":"Lines","copy-button-tooltip":"Copy to Clipboard","copy-button-tooltip-success":"Copied!","repo-action-links-edit":"Edit this page","repo-action-links-source":"View source","repo-action-links-issue":"Report an issue","back-to-top":"Back to top","search-no-results-text":"No results","search-matching-documents-text":"matching documents","search-copy-link-title":"Copy link to search","search-hide-matches-text":"Hide additional matches","search-more-match-text":"more match in this document","search-more-matches-text":"more matches in this document","search-clear-button-title":"Clear","search-text-placeholder":"","search-detached-cancel-button-title":"Cancel","search-submit-button-title":"Submit","search-label":"Search","toggle-section":"Toggle section","toggle-sidebar":"Toggle sidebar navigation","toggle-dark-mode":"Toggle dark mode","toggle-reader-mode":"Toggle reader mode","toggle-navigation":"Toggle navigation","crossref-fig-title":"Figure","crossref-tbl-title":"Table","crossref-lst-title":"Listing","crossref-thm-title":"Theorem","crossref-lem-title":"Lemma","crossref-cor-title":"Corollary","crossref-prp-title":"Proposition","crossref-cnj-title":"Conjecture","crossref-def-title":"Definition","crossref-exm-title":"Example","crossref-exr-title":"Exercise","crossref-ch-prefix":"Chapter","crossref-apx-prefix":"Appendix","crossref-sec-prefix":"Section","crossref-eq-prefix":"Equation","crossref-lof-title":"List of Figures","crossref-lot-title":"List of Tables","crossref-lol-title":"List of Listings","environment-proof-title":"Proof","environment-remark-title":"Remark","environment-solution-title":"Solution","listing-page-order-by":"Order By","listing-page-order-by-default":"Default","listing-page-order-by-date-asc":"Oldest","listing-page-order-by-date-desc":"Newest","listing-page-order-by-number-desc":"High to Low","listing-page-order-by-number-asc":"Low to High","listing-page-field-date":"Date","listing-page-field-title":"Title","listing-page-field-description":"Description","listing-page-field-author":"Author","listing-page-field-filename":"File Name","listing-page-field-filemodified":"Modified","listing-page-field-subtitle":"Subtitle","listing-page-field-readingtime":"Reading Time","listing-page-field-wordcount":"Word Count","listing-page-field-categories":"Categories","listing-page-minutes-compact":"{0} min","listing-page-category-all":"All","listing-page-no-matches":"No matching items","listing-page-words":"{0} words"},"metadata":{"lang":"en","fig-responsive":true,"quarto-version":"1.4.554","editor":"visual","title":"Quarto","author":"cheik","quarto-required":">=1.1.0","version":"3.3.10","contributes":{"pdf":{"filters":["titlepage-theme.lua","coverpage-theme.lua"],"template-partials":["template2.tex","_coverpage.tex","_author-affiliation-themes.tex","_header-footer-date-themes.tex","_title-themes.tex","_titlepage.tex","before-body.tex","pandoc.tex"],"format-resources":["fonts/qualitype/opentype/QTDublinIrish.otf"]}},"editor_options":{"chunk_output_type":"console"}},"extensions":{"book":{"multiFile":true}}}},"projectFormats":[]}